,City,Country,Date,Humidity,Cloudiness,Lat,Long,Temp,WindSpeed
0,St. George's,GD,1626042307,89,75,12.0564,-61.7485,78.48,17.27
1,Pangody,RU,1626042308,66,71,65.85,74.4859,46.8,11.21
2,Teyateyaneng,LS,1626042308,38,1,-29.1472,27.7489,44.83,5.82
3,Ushuaia,AR,1626042224,86,40,-54.8,-68.3,33.46,8.05
4,Atuona,PF,1626042109,80,46,-9.8,-139.0333,77.23,25.08
5,Dunedin,NZ,1626042309,70,89,-45.8742,170.5036,42.42,7.18
6,Posse,BR,1626042274,32,43,-14.0931,-46.3694,69.33,2.93
7,Rikitea,PF,1626042309,82,48,-23.1203,-134.9692,73.71,21.72
8,Tuktoyaktuk,CA,1626042310,87,90,69.4541,-133.0374,48.2,20.71
9,Hithadhoo,MV,1626042308,71,49,-0.6,73.0833,81.19,2.21
10,Khatanga,RU,1626042254,46,90,71.9667,102.5,48.87,7.47
11,Cherskiy,RU,1626042311,35,7,68.75,161.3,80.58,25.14
12,Avarua,CK,1626042311,74,75,-21.2078,-159.775,80.65,11.5
13,Saint-Philippe,RE,1626042311,77,59,-21.3585,55.7679,67.55,11.21
14,Alofi,NU,1626042312,83,7,-19.0595,-169.9187,80.49,10.36
15,Chui,UY,1626042312,70,0,-33.6971,-53.4616,48.33,5.68
16,Lüderitz,NA,1626042313,83,12,-26.6481,15.1594,54.45,4.99
17,San Fernando del Valle de Catamarca,AR,1626042313,62,79,-28.4696,-65.7852,64.58,6.35
18,El Puerto de Santa María,ES,1626042313,89,20,36.5939,-6.233,80.62,8.05
19,Port,CD,1626042314,47,1,-7.0349,29.7638,69.17,6.38
20,Kapaa,US,1626042314,74,40,22.0752,-159.319,84.52,4.0
21,Savé,BJ,1626042315,92,88,8.0425,2.486,73.65,4.79
22,New,LR,1626042315,93,98,6.6518,-10.5932,76.23,2.62
23,Port,CD,1626042316,47,1,-7.0349,29.7638,69.17,6.38
24,Katsuura,JP,1626042316,86,65,35.1333,140.3,78.19,3.04
25,Punta,PH,1626042317,90,65,8.9897,125.34,76.26,4.72
26,Hermanus,ZA,1626042317,68,55,-34.4187,19.2345,53.91,9.28
27,Qaanaaq,GL,1626042318,66,49,77.484,-69.3632,38.95,2.66
28,Aklavik,CA,1626042318,68,100,68.2191,-135.0107,63.32,22.66
29,Nemuro,JP,1626042319,97,100,43.3236,145.575,58.68,8.25
30,Derzhavīnsk,KZ,1626042319,96,5,51.1,66.3167,60.33,14.27
31,Ponta,PT,1626042320,72,100,38.7333,-28.2667,62.28,15.19
32,Laurel,US,1626042320,71,1,39.0993,-76.8483,91.26,4.0
33,Tricase,IT,1626042321,62,0,39.9304,18.3553,75.31,7.36
34,Bredasdorp,ZA,1626042321,81,42,-34.5322,20.0403,45.72,8.05
35,Samarai,PG,1626042322,85,72,-10.6167,150.6667,79.5,13.13
36,Hastings,GB,1626042322,91,100,50.8552,0.5729,61.32,3.89
37,Castro,BR,1626042323,75,14,-24.7911,-50.0119,54.19,2.98
38,Cape,CL,1626042323,73,64,-36.413,-71.9028,47.62,4.0
39,Yumen,CN,1626042323,39,0,40.2833,97.2,72.34,5.3
40,Fairbanks,US,1626042324,37,40,64.8378,-147.7164,71.6,1.01
41,East,IS,1626042324,68,13,65.0,-15.0,49.75,7.14
42,Nuuk,GL,1626042325,76,98,64.1835,-51.7216,47.88,8.01
43,Santa,PH,1626042325,86,99,17.486,120.4348,78.84,3.87
44,Cabo,BR,1626042326,88,8,-8.2833,-35.0333,71.53,6.04
45,Kyabé,TD,1626042326,88,100,9.4515,18.9449,72.7,2.64
46,Nadym,RU,1626042327,79,92,65.5333,72.5167,48.52,10.45
47,Pisco,PE,1626042327,82,20,-13.7,-76.2167,64.02,6.91
48,Vigrestad,NO,1626042328,80,42,58.5667,5.7,57.81,4.61
49,Saint-Augustin,CA,1626042328,89,100,51.226,-58.6502,58.28,3.24
50,Jiuquan,CN,1626042328,29,1,39.7432,98.5174,74.25,3.56
51,Ribeira,ES,1626042329,78,75,42.7461,-8.4439,63.0,3.44
52,Riohacha,CO,1626042329,63,100,11.5444,-72.9072,85.82,14.2
53,Nālūt,LY,1626042329,26,0,30.3333,10.85,81.9,14.61
54,Mar,ES,1626042330,96,75,43.4002,-4.0094,66.85,4.0
55,Catabola,AO,1626042330,31,0,-12.15,17.2833,54.61,3.18
56,Tuatapere,NZ,1626042331,87,97,-46.1333,167.6833,40.39,4.41
57,Sobolevo,RU,1626042331,75,76,54.4299,31.8996,69.37,5.75
58,Taltal,CL,1626042332,80,63,-25.4,-70.4833,58.19,1.7
59,Jamestown,US,1626042230,97,90,42.097,-79.2353,69.39,7.0
60,Longyearbyen,SJ,1626042332,87,75,78.2186,15.6401,39.04,13.8
61,Butaritari,KI,1626042333,75,88,3.0707,172.7902,82.31,11.99
62,Hobart,AU,1626042333,90,75,-42.8794,147.3294,41.27,3.0
63,Lebu,CL,1626042334,74,12,-37.6167,-73.65,49.35,14.09
64,Cidreira,BR,1626042334,90,0,-30.1811,-50.2056,60.3,6.08
65,Bambous,MU,1626042335,70,26,-20.2567,57.4061,69.13,10.98
66,Aden,YE,1626042335,72,91,12.7794,45.0367,86.14,2.8
67,Porto,PT,1626042205,84,20,41.1496,-8.611,63.28,3.0
68,San,ML,1626042336,63,93,13.3034,-4.8956,82.09,5.14
69,Mys,RU,1626042336,74,25,62.0589,48.6201,58.69,5.35
70,Black,US,1626042337,56,71,31.0093,-85.7444,87.98,11.86
71,Hasaki,JP,1626042330,84,66,35.7333,140.8333,75.6,5.73
72,Markivka,UA,1626042337,87,21,49.5229,39.5705,68.88,6.49
73,Bluff,NZ,1626042338,83,100,-46.6,168.3333,43.84,15.41
74,Arraial,BR,1626042338,52,0,-22.8362,-46.646,71.01,3.94
75,Mahon,ES,1626042339,94,0,39.8885,4.2658,75.76,11.5
76,Faya,SA,1626042339,48,88,18.3851,42.4509,71.71,3.96
77,Makkah al Mukarramah,SA,1626042339,19,28,21.4267,39.8261,92.28,7.78
78,Cayenne,GF,1626042340,90,90,4.9333,-52.3333,77.09,1.01
79,Bilibino,RU,1626042340,40,9,68.0546,166.4372,82.42,15.73
80,Airai,TL,1626042341,55,99,-8.9266,125.4092,55.18,4.21
81,Yagodnoye,RU,1626042341,59,66,62.55,149.6667,64.26,10.47
82,Cap-aux-Meules,CA,1626042061,77,75,47.3821,-61.8597,66.25,4.61
83,Yellowknife,CA,1626042342,36,75,62.456,-114.3525,77.52,1.99
84,Jerez,GT,1626042342,75,97,14.1,-89.75,76.17,3.71
85,Busselton,AU,1626042343,93,100,-33.65,115.3333,55.04,22.28
86,Teya,RU,1626042343,98,97,60.3778,92.6267,56.82,4.18
87,Vad,RU,1626042343,71,0,55.5301,44.2114,57.79,3.67
88,Itoman,JP,1626042344,86,75,26.1247,127.6694,84.22,4.61
89,Ahipara,NZ,1626042344,91,100,-35.1667,173.1667,53.55,22.24
90,Tonj,SS,1626042345,97,100,7.2737,28.6822,70.57,5.55
91,Point,ZA,1626042345,88,1,-29.8647,31.0413,61.05,3.0
92,Vardø,NO,1626042067,80,22,70.3705,31.1107,48.4,14.07
93,Kirillov,RU,1626042346,65,6,59.863,38.3813,63.72,5.12
94,Yichang,CN,1626042346,93,99,30.7144,111.2847,77.79,2.48
95,Albany,US,1626042319,93,100,42.6001,-73.9662,69.03,4.56
96,Chik,RU,1626042347,94,0,54.9928,82.4311,56.17,0.0
97,Leticia,CO,1626042347,89,75,-4.2153,-69.9406,78.85,2.3
98,Kruisfontein,ZA,1626042347,55,0,-34.0033,24.7314,48.13,3.27
99,Sao,IN,1626042348,88,99,20.5113,76.2129,75.76,3.47
100,Portobelo,PA,1626042348,84,94,9.55,-79.65,83.05,9.22
101,Geraldton,AU,1626042107,94,90,-28.7667,114.6,61.21,20.71
102,Saldanha,ZA,1626042349,89,3,-33.0117,17.9442,48.25,10.67
103,Hualmay,PE,1626042349,76,37,-11.0964,-77.6139,65.98,6.6
104,Tessalit,ML,1626042261,21,39,20.1986,1.0114,97.2,10.89
105,Tupã,BR,1626042350,38,0,-21.9347,-50.5136,67.66,4.34
106,Sørland,NO,1626042350,97,100,67.667,12.6934,56.12,21.23
107,Araceli,PH,1626042350,72,16,10.5529,119.9913,83.01,2.3
108,Sept-Îles,CA,1626042197,85,75,50.2001,-66.3821,64.26,1.99
109,Mataura,NZ,1626042108,88,100,-46.1927,168.8643,36.84,2.62
110,Pevek,RU,1626042351,75,22,69.7008,170.3133,55.11,16.78
111,George Town,MY,1626042196,96,40,5.4112,100.3354,75.13,0.0
112,Lincoln,US,1626042111,47,1,40.8,-96.667,82.31,8.01
113,Caravelas,BR,1626042352,83,0,-17.7125,-39.2481,69.55,6.13
114,Dromolaxia,CY,1626042352,89,0,34.8761,33.586,78.67,2.3
115,Shōbara,JP,1626042353,99,100,34.85,133.0167,76.05,1.54
116,Mamakan,RU,1626042353,91,100,57.8161,114.0028,59.5,1.03
117,Apastovo,RU,1626042354,71,0,55.2029,48.5109,55.71,6.69
118,Barrow,US,1626042302,73,90,71.2906,-156.7887,33.82,10.36
119,Bay,US,1626042354,78,100,43.7334,-84.0166,75.15,13.69
120,Tiksi,RU,1626042355,63,3,71.6872,128.8694,39.2,6.89
121,Baykit,RU,1626042355,91,97,61.67,96.37,58.3,2.26
122,Kargil,IN,1626042355,61,0,34.5667,76.1,59.27,6.93
123,Prozor,BA,1626042222,85,51,43.8222,17.6092,65.5,0.87
124,Grand,US,1626042207,7,0,38.8755,-109.5012,102.6,1.45
125,Broome,US,1626042356,89,100,42.2506,-75.833,67.19,1.01
126,Miramar,US,1626042357,70,75,25.9873,-80.2323,89.01,13.8
127,Morehead,US,1626042357,80,40,37.2711,-87.1764,82.11,1.99
128,Ondjiva,AO,1626042358,29,0,-17.0667,15.7333,55.94,2.24
129,Ugoofaaru,MV,1626042345,80,100,5.6667,73.0,81.79,16.62
130,Tegul'det,RU,1626042358,97,92,57.3064,88.1667,54.1,3.38
131,Marrakesh,MA,1626042359,38,40,31.6315,-8.0083,91.47,4.61
132,San,ML,1626042336,63,93,13.3034,-4.8956,82.09,5.14
133,Āsosa,ET,1626042359,80,76,10.0667,34.5333,61.21,3.38
134,Ranong,TH,1626042360,87,98,9.9658,98.6348,77.99,7.34
135,Ancud,CL,1626042361,91,100,-41.8697,-73.8203,46.22,3.6
136,Filingué,NE,1626042361,42,15,14.3521,3.3168,91.81,6.55
137,Hilo,US,1626042337,72,75,19.7297,-155.09,79.79,5.75
138,Mahébourg,MU,1626042362,78,75,-20.4081,57.7,70.25,14.97
139,Cuamba,MZ,1626042362,74,38,-14.8031,36.5372,64.15,2.04
140,Zuwārah,LY,1626042363,79,0,32.9312,12.082,75.02,2.17
141,Fonte Alto,IT,1626042363,79,0,45.7839,11.8746,75.94,6.91
142,Bara,NG,1626042363,68,71,10.3744,10.7288,79.23,8.43
143,Harper,LR,1626042364,79,28,4.375,-7.7169,76.28,8.84
144,El Puerto de Santa María,ES,1626042364,89,20,36.5939,-6.233,79.61,8.05
145,Linhai,CN,1626042365,76,100,28.85,121.1167,80.92,2.73
146,Shyroke,UA,1626042365,52,48,47.6917,33.2571,70.84,7.49
147,Crestview,US,1626042366,82,1,30.7621,-86.5705,85.33,5.75
148,Saint Paul Harbor,US,1626042366,82,90,57.79,-152.4072,51.31,14.97
149,Waingapu,ID,1626042367,86,92,-9.6567,120.2641,73.44,8.32
150,Halifax,CA,1626042182,80,99,44.6453,-63.5724,76.41,1.99
151,Alekseyevsk,RU,1626042367,95,100,57.8406,108.3492,57.65,1.19
152,Praia,CV,1626042368,73,20,14.9215,-23.5087,73.94,11.5
153,Esim,GH,1626042368,81,32,4.8699,-2.2405,75.9,7.07
154,Dicabisagan,PH,1626042363,86,100,17.0818,122.4157,79.99,0.85
155,Sao,IN,1626042369,88,99,20.5113,76.2129,75.76,3.47
156,Øksfjord,NO,1626042369,74,98,70.2396,22.3479,68.07,4.81
157,Klaksvík,FO,1626042369,97,100,62.2266,-6.589,50.92,2.93
158,Thompson,CA,1626042109,83,75,55.7435,-97.8558,68.16,3.44
159,Rundu,NA,1626042370,37,0,-17.9333,19.7667,54.14,3.67
160,Petropavlovsk-Kamchatskiy,RU,1626042370,59,0,53.0452,158.6483,64.99,4.47
161,Phuthaditjhaba,ZA,1626042371,40,2,-28.5242,28.8158,45.32,5.21
162,Sao,IN,1626042371,88,99,20.5113,76.2129,75.76,3.47
163,Machalí,CL,1626042372,62,40,-34.1833,-70.6667,51.08,3.44
164,Vaini,TO,1626042372,89,20,-21.2,-175.2,78.96,9.22
165,Seoul,KR,1626042137,88,75,37.5683,126.9778,76.57,5.75
166,Fatezh,RU,1626042372,87,21,52.0891,35.8632,67.98,7.38
167,Salalah,OM,1626042373,89,90,17.0151,54.0924,80.69,6.91
168,Myitkyina,MM,1626042373,98,61,25.3833,97.4,74.55,1.9
169,Sur,OM,1626042374,61,59,22.5667,59.5289,89.08,4.7
170,Kargasok,RU,1626042374,80,99,59.0556,80.8572,51.48,4.05
171,Lensk,RU,1626042374,61,91,60.7253,114.9278,61.56,0.25
172,La Santisima Trinidad,BO,1626042375,65,2,-14.8333,-64.9,84.18,0.0
173,Vilcún,CL,1626042377,94,20,-38.65,-72.2333,43.54,1.79
174,Bānda,IN,1626042377,64,100,25.4833,80.3333,87.6,12.26
175,Poum,NC,1626042378,65,94,-20.2333,164.0167,71.26,16.87
176,El Puerto de Santa María,ES,1626042364,89,20,36.5939,-6.233,79.61,8.05
177,Manzanillo,CU,1626042378,70,94,20.3433,-77.1167,83.71,4.18
178,Višegrad,BA,1626042379,97,56,43.7847,19.2992,73.0,2.04
179,Hambantota,LK,1626042379,80,94,6.1241,81.1185,79.32,20.67
180,Mukhen,RU,1626042380,94,99,48.1,136.1,70.84,4.56
181,Rio,GR,1626042380,59,0,38.3,21.7833,77.85,2.48
182,Uribia,CO,1626042381,46,100,11.7139,-72.266,90.05,14.81
183,Pedernales,DO,1626042381,55,23,18.0384,-71.744,87.37,2.73
184,Ajdabiya,LY,1626042382,66,0,30.7554,20.2263,79.66,13.73
185,Chokurdakh,RU,1626042382,81,100,70.6333,147.9167,40.42,16.2
186,Ust-Kuyga,RU,1626042382,66,100,70.0167,135.6,41.59,8.05
187,Scarborough,GB,1626042383,87,100,54.2797,-0.4044,61.92,7.0
188,Korostyshiv,UA,1626042383,72,46,50.3172,29.0563,68.97,4.16
189,Port,CD,1626042314,47,1,-7.0349,29.7638,69.17,6.38
190,Severo-Kuril'sk,RU,1626042384,92,100,50.6789,156.125,53.56,7.05
191,Anadyr,RU,1626042384,72,0,64.75,177.4833,59.5,4.0
192,Dikson,RU,1626042384,99,100,73.5069,80.5464,33.6,15.37
193,Bathsheba,BB,1626042195,89,75,13.2167,-59.5167,79.41,24.16
194,Hervey,US,1626042385,55,67,33.4982,-93.7771,90.05,9.57
195,Mount,GB,1626042386,88,100,53.6597,-1.8537,62.26,2.68
196,Port,CD,1626042316,47,1,-7.0349,29.7638,69.17,6.38
197,Mount Abu,IN,1626042386,79,100,24.6,72.7,72.09,3.96
198,Ayan,RU,1626042387,91,98,56.45,138.1667,56.07,1.14
199,Buala,SB,1626042387,72,86,-8.145,159.5921,83.3,7.96
200,Osinki,RU,1626042387,63,0,52.8432,49.5132,57.7,8.16
201,Nikolskoye,RU,1626042388,85,1,59.7035,30.7861,70.79,4.38
202,Branford,US,1626042377,85,90,41.2795,-72.8151,77.22,1.99
203,Gweru,ZW,1626042389,51,0,-19.45,29.8167,49.96,4.92
204,Homer,US,1626042136,63,90,59.6425,-151.5483,63.09,6.91
205,Palu,ID,1626042389,91,100,-0.8917,119.8707,74.23,2.42
206,Namwala,ZM,1626042390,56,1,-15.7504,26.4384,56.48,4.18
207,Neuquén,AR,1626042093,34,0,-38.9516,-68.0591,48.09,5.75
208,Pergamino,AR,1626042391,29,93,-33.89,-60.5736,56.52,7.49
209,Ilulissat,GL,1626042391,57,67,69.2167,-51.1,48.22,6.91
210,Bria,CF,1626042392,97,100,6.5423,21.9863,68.59,2.04
211,Iqaluit,CA,1626042392,47,40,63.7506,-68.5145,58.73,4.61
212,Valparaíso,CL,1626042392,80,90,-33.0393,-71.6273,53.47,8.05
213,Porto-Vecchio,FR,1626042393,82,0,41.591,9.2795,72.93,2.3
214,Tupik,RU,1626042393,71,82,54.4253,119.9327,57.18,1.92
215,Tilichiki,RU,1626042394,46,16,60.4667,166.1,63.93,4.23
216,Carnarvon,AU,1626042394,87,75,-24.8667,113.6333,66.27,13.8
217,Siniscola,IT,1626042394,59,0,40.5719,9.6922,72.95,3.36
218,Mount Abu,IN,1626042395,79,100,24.6,72.7,72.09,3.96
219,Tasiilaq,GL,1626042396,99,100,65.6145,-37.6368,44.76,9.46
220,Nanortalik,GL,1626042351,99,100,60.1432,-45.2371,41.41,2.8
221,Manuk,ID,1626042396,93,13,-7.903,111.5033,72.57,2.04
222,Maniitsoq,GL,1626042397,73,36,65.4167,-52.9,45.03,2.57
223,San,ML,1626042336,63,93,13.3034,-4.8956,82.09,5.14
224,Desa,RO,1626042397,60,85,43.8667,23.0333,67.59,7.4
225,Kattivākkam,IN,1626042398,72,100,13.2167,80.3167,82.49,16.42
226,Bull,LR,1626042398,94,75,6.1992,-10.2829,76.71,0.0
227,Viedma,AR,1626042399,47,0,-40.8135,-62.9967,50.52,8.97
228,Mahenge,TZ,1626042399,65,65,-8.6833,36.7167,60.76,2.68
229,Beloha,MG,1626042399,90,0,-25.1667,45.05,62.92,4.94
230,Akropong,GH,1626042400,78,14,5.9746,-0.0854,72.55,5.73
231,Kavieng,PG,1626042400,79,88,-2.5744,150.7967,81.88,12.97
232,Tokur,RU,1626042401,92,90,53.1333,132.9,63.59,2.44
233,Sitka,US,1626041958,59,40,57.0531,-135.33,60.69,14.97
234,Egvekinot,RU,1626042402,73,65,66.3167,-179.1667,52.57,5.66
235,Vestmannaeyjar,IS,1626042402,89,10,63.4427,-20.2734,53.2,8.81
236,Madimba,TZ,1626042403,92,9,-10.4,40.3333,70.5,8.88
237,Karema,TZ,1626042403,45,2,-6.8205,30.4389,67.41,4.07
238,Codrington,AU,1626042335,58,55,-38.2667,141.9667,48.7,19.48
239,Areia,BR,1626042403,82,2,-6.9633,-35.6917,72.99,8.25
240,Norman,US,1626042203,56,40,35.2226,-97.4395,84.09,11.5
241,Pokhara,NP,1626042404,87,100,28.2333,83.9833,72.05,2.62
242,Evensk,RU,1626042404,91,100,61.95,159.2333,52.84,6.33
243,Mehamn,NO,1626042344,81,6,71.0357,27.8492,48.74,9.89
244,Souillac,MU,1626042381,78,75,-20.5167,57.5167,70.36,14.97
245,Bintulu,MY,1626042405,100,40,3.1667,113.0333,77.41,2.3
246,Saskylakh,RU,1626042406,46,39,71.9167,114.0833,46.44,14.36
247,Acarí,PE,1626042406,60,75,-15.4311,-74.6158,69.37,3.78
248,Sivas Province,TR,1626042406,100,0,39.7916,37.0019,56.03,4.61
249,Lodja,CD,1626042407,35,100,-3.4833,23.4333,69.28,2.21
250,Morristown,US,1626042375,61,49,36.214,-83.2949,87.06,5.01
251,Merauke,ID,1626042306,89,87,-8.4667,140.3333,77.45,12.62
252,Lagan,RU,1626042408,47,16,45.3929,47.3707,78.48,8.48
253,Narsaq,GL,1626042407,99,100,60.9167,-46.05,46.62,5.66
254,Torbay,CA,1626042261,93,75,47.6666,-52.7314,62.49,3.44
255,Guane,CU,1626042409,55,82,22.2025,-84.0875,87.35,11.68
256,Takoradze,GH,1626042409,82,31,4.8845,-1.7554,75.61,8.1
257,Izumo,JP,1626042410,94,75,35.3667,132.7667,73.29,5.75
258,Labuhan,ID,1626042410,87,5,-6.8844,112.2051,76.37,8.41
259,Rawson,AR,1626042410,49,100,-43.3002,-65.1023,51.58,8.7
260,Hanzhong,CN,1626042411,94,85,33.0728,107.0303,70.74,0.83
261,Poltavka,RU,1626042411,54,89,54.3663,71.7632,67.32,8.14
262,Kahului,US,1626042225,64,20,20.8947,-156.47,83.46,23.02
263,Lichinga,MZ,1626042412,90,7,-13.3128,35.2406,52.63,5.32
264,Moose,US,1626042412,25,1,43.6558,-110.7183,84.88,4.61
265,Grindavik,IS,1626042413,94,90,63.8424,-22.4338,55.56,13.8
266,Lorengau,PG,1626042413,79,98,-2.0226,147.2712,82.42,7.76
267,Mayya,RU,1626042414,62,3,61.7333,130.2811,54.72,5.68
268,Vetluzhskiy,RU,1626042414,75,2,58.3902,45.4654,56.03,3.36
269,Selkirk,CA,1626042415,31,15,50.1436,-96.8845,96.08,5.99
270,Westport,US,1626042252,85,75,41.1415,-73.3579,80.02,1.01
271,Fairfield,US,1626042350,84,90,41.2668,-73.3162,77.65,8.05
272,Dossor,KZ,1626042415,48,21,47.5272,52.9811,79.14,8.1
273,Poddor'ye,RU,1626042416,72,90,57.4695,31.1156,72.91,1.39
274,Guerrero,MX,1626042416,64,75,17.6667,-100.0,78.37,3.56
275,Almaznyy,RU,1626042417,74,10,48.0448,40.045,68.14,7.45
276,Sinazongwe,ZM,1626042417,49,0,-17.2614,27.4618,63.39,2.95
277,Bima,ID,1626042418,94,7,-8.4667,118.7167,71.8,4.05
278,Eganville,CA,1626042418,52,100,45.5334,-77.0994,78.13,3.6
279,Sakakah,SA,1626042419,17,2,29.9697,40.2064,94.57,14.52
280,Sioux,US,1626042419,41,1,42.7333,-96.2336,80.98,8.05
281,Mpanda,TZ,1626042419,50,23,-6.3655,31.0409,60.46,1.07
282,San,ML,1626042420,63,93,13.3034,-4.8956,82.09,5.14
283,Esperance,AU,1626042420,76,71,-33.8667,121.9,44.44,16.4
284,Labytnangi,RU,1626042421,63,77,66.6572,66.4183,42.62,7.99
285,Muskogee,US,1626042421,73,61,35.5834,-95.3336,80.67,10.67
286,Dingle,PH,1626042312,90,40,10.9995,122.6711,76.75,4.88
287,Glenwood,US,1626042422,92,90,41.5425,-87.6023,70.05,4.0
288,Linqiong,CN,1626042422,89,22,30.4159,103.4609,75.02,2.48
289,Kalabo,ZM,1626042422,37,0,-14.97,22.6814,54.77,5.19
290,San,ML,1626042423,63,93,13.3034,-4.8956,82.09,5.14
291,Bartica,GY,1626042423,93,34,6.4,-58.6167,82.72,3.83
292,Liberal,US,1626042424,34,20,37.0431,-100.921,85.23,12.66
293,Camacupa,AO,1626042424,32,0,-12.0167,17.4833,54.5,3.6
294,Krutinka,RU,1626042425,99,100,56.0055,71.5113,54.86,7.65
295,Snezhnogorsk,RU,1626042425,70,88,69.1933,33.2531,53.38,4.59
296,Tual,ID,1626042425,82,81,-5.6667,132.75,81.28,16.98
297,Benguela,AO,1626042426,89,3,-12.5763,13.4055,68.61,3.51
298,Cap,FR,1626042426,92,100,49.2718,-1.2104,63.28,3.87
299,Fukuechō,JP,1626042427,87,100,32.6881,128.8419,79.11,10.51
300,Kosh-Agach,RU,1626042427,83,100,50.0,88.6667,46.4,1.34
301,Ulladulla,AU,1626042427,82,100,-35.35,150.4667,46.87,4.88
302,Urengoy,RU,1626042428,69,93,65.9667,78.3667,48.36,14.38
303,Zatoka,UA,1626042428,71,17,46.0725,30.4654,70.34,13.6
304,Tautira,PF,1626042429,77,34,-17.7333,-149.15,84.22,19.73
305,West,US,1626042429,54,40,31.8024,-97.0917,93.06,4.0
306,Llanelli,GB,1626042429,96,75,51.682,-4.1619,59.47,12.5
307,Padang,ID,1626042430,87,98,-0.9492,100.3543,75.25,4.16
308,Carlos,US,1626042430,34,1,45.9725,-95.2923,85.95,8.05
309,Severodvinsk,RU,1626042431,80,54,64.5635,39.8302,59.11,8.88
310,Xiongzhou,CN,1626042431,90,76,25.1167,114.3,76.46,2.71
311,Ampanihy,MG,1626042432,80,0,-24.7,44.75,62.02,4.45
312,Tshikapa,CD,1626042432,25,0,-6.4167,20.8,68.59,2.73
313,Mbalmayo,CM,1626042432,98,86,3.5167,11.5,71.92,4.25
314,Vao,NC,1626042433,64,43,-22.6667,167.4833,70.52,17.38
315,Portland,US,1626041956,44,1,45.5234,-122.6762,90.97,3.0
316,Eureka,US,1626042193,74,28,40.8021,-124.1637,102.74,5.99
317,Paragominas,BR,1626042433,69,92,-2.9667,-47.4833,78.39,3.56
318,Marshall,US,1626042222,62,40,34.3834,-86.3333,87.01,5.99
319,Assiut,EG,1626042434,22,38,27.181,31.1837,87.8,5.99
320,Morant,JM,1626042434,64,15,17.9,-76.4333,87.67,9.95
321,Clyde,US,1626042435,86,100,41.3042,-82.9752,78.35,4.32
322,Middletown,US,1626042382,76,40,39.5151,-84.3983,82.92,4.61
323,Krasnosel'kup,RU,1626042436,60,65,65.7,82.4667,47.34,7.43
324,Touros,BR,1626042298,79,2,-5.1989,-35.4608,77.9,14.05
325,Kansk,RU,1626042436,86,27,56.2017,95.7175,56.8,1.45
326,Suntar,RU,1626042437,66,82,62.1444,117.6319,60.26,3.31
327,Port,CD,1626042316,47,1,-7.0349,29.7638,69.17,6.38
328,Boddam,GB,1626042437,95,69,57.4667,-1.7833,59.43,12.91
329,Lagos,NG,1626042210,84,94,6.5833,3.75,80.92,5.35
330,Faanui,PF,1626042438,79,26,-16.4833,-151.75,79.29,18.77
331,Villamaría,CO,1626042438,88,72,5.0449,-75.5146,70.27,1.36
332,Kano,NG,1626042438,83,20,12.0001,8.5167,80.49,3.44
333,Nova,BR,1626042439,52,77,-5.5279,-46.7049,82.0,3.47
334,Lingao,CN,1626042439,85,99,19.9103,109.6859,79.34,2.8
335,Cervantes,AR,1626042440,31,1,-39.05,-67.3833,48.78,7.67
336,Arrondissement de Saint-Gaudens,FR,1626042440,82,100,43.0833,0.6667,68.14,5.66
337,Kaitangata,NZ,1626042281,73,100,-46.2817,169.8464,41.94,7.29
338,Verkh-Chebula,RU,1626042441,85,64,56.0308,87.6218,56.34,1.61
339,Sinegor'ye,RU,1626042441,62,35,62.0788,150.477,64.45,12.24
340,Constitución,CL,1626042441,72,96,-35.3333,-72.4167,49.71,9.69
341,Nizhneudinsk,RU,1626042442,90,50,54.9076,99.0276,53.8,1.5
342,Palauig,PH,1626042442,72,89,15.435,119.9045,82.02,3.58
343,Yar-Sale,RU,1626042443,65,72,66.8333,70.8333,42.67,7.58
344,Olafsvik,IS,1626042443,88,85,64.8945,-23.7142,54.39,8.84
345,Onda,ES,1626042444,78,56,39.9667,-0.25,75.87,2.17
346,Udachny,RU,1626042444,83,85,66.4167,112.4,46.71,6.91
347,Leuna,DE,1626042255,90,100,51.3167,12.0167,66.51,4.45
348,Marzuq,YE,1626042445,59,62,14.4,46.4667,80.15,5.19
349,Ripanj,RS,1626042446,46,93,44.639,20.5204,78.8,5.5
350,Bowen,AU,1626042446,80,30,-20.0167,148.2333,55.62,7.25
351,Ngunguru,NZ,1626042446,88,100,-35.6167,174.5,54.16,33.71
352,Antananarivo,MG,1626042387,88,75,-18.9137,47.5361,55.36,5.75
353,Necochea,AR,1626042447,51,1,-38.5473,-58.7368,54.03,9.55
354,Beidao,CN,1626042447,88,65,34.5686,105.8933,66.51,0.92
355,Bend,US,1626042448,12,1,44.0582,-121.3153,95.22,3.0
356,CAM,AR,1626042448,36,0,-38.9838,-67.8222,48.42,7.83
357,Kavaratti,IN,1626042449,79,100,10.5669,72.642,81.86,24.63
358,Elliot,ZA,1626042449,28,3,-31.3333,27.85,51.24,9.15
359,Drăgăneşti,RO,1626042450,73,44,45.7833,27.4667,67.78,6.93
360,Saint-Joseph,RE,1626042450,75,45,-21.3667,55.6167,66.56,12.03
361,Birao,CF,1626042356,93,88,10.2849,22.7882,70.72,4.0
362,Paamiut,GL,1626042451,93,100,61.994,-49.6678,43.7,6.44
363,Pastos,PR,1626042451,80,100,18.1177,-66.2588,77.52,10.65
364,Flin,FR,1626042452,91,15,48.4982,6.6557,64.67,4.76
365,Oddur,SO,1626042452,75,56,4.1213,43.8894,71.29,20.07
366,Yabrūd,SY,1626042453,46,0,33.9674,36.6574,64.06,3.04
367,Richards,US,1626042453,41,1,46.8361,-95.9123,83.32,6.91
368,Arki,IN,1626042453,92,43,31.15,76.9667,70.77,4.27
369,Havelock,US,1626042454,84,50,34.8791,-76.9013,84.94,8.99
370,Gladstone,AU,1626042455,77,75,-23.85,151.25,61.79,0.0
371,Ostrovnoy,RU,1626042455,75,42,68.0531,39.5131,43.25,6.98
372,Nome,US,1626042456,76,1,64.5011,-165.4064,59.16,11.5
373,Kumul,CN,1626042233,34,31,42.8,93.45,81.97,10.11
374,Berlevåg,NO,1626042456,77,6,70.8578,29.0864,50.02,11.36
375,Kānt,IN,1626042457,70,97,27.8,79.8,83.53,12.5
376,Laas,IT,1626042457,89,15,46.6166,10.7002,63.48,2.8
377,Mount,GB,1626042458,88,100,53.6597,-1.8537,62.26,2.68
378,Qasigiannguit,GL,1626042458,75,61,68.8193,-51.1922,48.45,2.39
379,Hong Kong,HK,1626042406,85,100,22.2855,114.1577,86.32,4.0
380,Mascota,MX,1626042459,84,99,20.5167,-104.7833,75.31,4.81
381,Lashio,MM,1626042459,98,43,22.9333,97.75,67.21,1.57
382,Piaçabuçu,BR,1626042460,85,8,-10.4056,-36.4344,73.56,6.51
383,Petropavlivka,UA,1626042460,74,37,48.4564,36.4367,71.17,7.65
384,Chernyshevskiy,RU,1626042460,66,48,63.0128,112.4714,59.27,2.75
385,Nantucket,US,1626042322,80,1,41.2835,-70.0995,74.97,6.91
386,Bolobo,CD,1626042461,42,92,-2.1667,16.2333,81.23,2.01
387,Kokopo,PG,1626042462,73,44,-4.352,152.2633,80.62,5.3
388,Benjamin,US,1626042462,15,1,40.0983,-111.7313,104.43,3.44
389,Kamakwie,SL,1626042463,96,100,9.5,-12.2333,73.13,5.82
390,Zhezkazgan,KZ,1626042463,26,98,47.8043,67.7144,79.09,10.74
391,Orangeburg,US,1626042464,65,20,33.4918,-80.8557,91.45,8.05
392,Vila,PT,1626042464,82,100,42.0304,-8.1588,55.74,3.49
393,Itupiranga,BR,1626042464,53,17,-5.1347,-49.3267,80.92,2.1
394,Bethel,US,1626042443,85,90,41.3712,-73.414,77.36,1.01
395,Sao,IN,1626042465,88,99,20.5113,76.2129,75.76,3.47
396,Aykhal,RU,1626042466,89,96,66.0,111.5,46.89,3.2
397,Bandeirantes,BR,1626042466,48,0,-23.11,-50.3675,63.82,3.85
398,Rafai,CF,1626042467,98,67,4.95,23.9167,66.94,1.16
399,Hūn,LY,1626042467,39,0,29.1268,15.9477,81.14,10.65
400,Mandalī,IQ,1626042467,11,0,33.7499,45.5541,97.74,12.17
401,Tiznit Province,MA,1626042468,37,100,29.5833,-9.5,85.57,3.06
402,Panama,PA,1626042313,92,100,9.0,-80.0,83.89,4.14
403,Santa,PH,1626042325,86,99,17.486,120.4348,78.84,3.87
404,Key,US,1626042468,46,68,32.7282,-101.7996,83.44,6.67
405,Meihekou,CN,1626042469,93,10,42.5272,125.6753,70.41,5.28
406,Nizhnyaya,RU,1626042469,88,76,63.4737,41.607,62.2,3.11
407,Straumen,NO,1626042470,90,82,63.8709,11.2999,59.95,4.83
408,Yeniseysk,RU,1626042470,73,100,58.4497,92.1703,60.57,1.45
409,Gorahun,SL,1626042471,98,100,7.4661,-11.2375,72.05,1.54
410,Ust-Nera,RU,1626042471,76,100,64.5667,143.2,57.69,10.54
411,Matara,LK,1626042471,87,100,5.9485,80.5353,78.31,16.02
412,Leningradskiy,RU,1626042472,63,50,69.3833,178.4167,65.46,5.88
413,Beitbridge,ZW,1626042472,48,0,-22.2167,30.0,60.53,5.75
414,Pierre,US,1626042473,30,1,44.3683,-100.351,91.99,9.22
415,Northam,GB,1626042473,96,100,51.0333,-4.2167,61.3,10.18
416,Meulaboh,ID,1626042473,83,96,4.1363,96.1285,74.93,4.0
417,Kuching,MY,1626042474,94,20,1.55,110.3333,75.42,0.0
418,Edgewater,US,1626042474,74,40,28.9889,-80.9023,87.1,11.5
419,Ziro,IN,1626042475,91,72,27.6333,93.8333,59.23,1.92
420,Sarangani,PH,1626042270,72,81,5.4033,125.4636,83.88,12.75
421,Upernavik,GL,1626042441,72,9,72.7868,-56.1549,39.0,13.35
422,Ginir,ET,1626042475,73,16,7.1333,40.7,57.92,13.15
423,Kenai,US,1626042411,52,90,60.5544,-151.2583,63.03,19.57
424,Beringovskiy,RU,1626042469,62,81,63.05,179.3167,60.84,3.76
425,Bonthe,SL,1626042477,91,100,7.5264,-12.505,75.85,9.75
426,Altamira,BR,1626042477,71,86,-3.2033,-52.2064,80.29,3.0
427,Machachi,EC,1626042478,71,70,-0.5,-78.5667,56.75,2.55
428,Tura,IN,1626042478,83,98,25.5198,90.2201,75.67,2.68
429,Muros,ES,1626042478,80,78,42.7762,-9.0603,63.23,6.49
430,Andenes,NO,1626042479,94,75,69.3143,16.1194,58.06,3.44
431,Isangel,VU,1626042311,88,75,-19.55,169.2667,77.11,3.44
432,San,ML,1626042420,63,93,13.3034,-4.8956,82.09,5.14
433,del,IR,1626042480,39,78,38.7941,45.0665,70.7,4.41
434,Hillsborough,US,1626042480,65,20,37.5741,-122.3794,97.84,8.01
435,Chara,RU,1626042481,97,100,56.9064,118.2631,55.22,2.17
436,Wanning,CN,1626042482,86,100,18.8003,110.3967,80.17,5.5
437,Laguna,US,1626042468,14,1,38.421,-121.4238,114.21,10.36
438,Kintinku,TZ,1626042483,58,9,-5.8833,35.2333,66.51,2.42
439,El Puerto de Santa María,ES,1626042483,89,20,36.5939,-6.233,79.61,8.05
440,Damietta,EG,1626042483,79,0,31.4165,31.8133,78.62,7.78
441,Östersund,SE,1626042484,87,75,63.1792,14.6357,56.61,3.44
442,Edd,ER,1626042484,56,72,13.9297,41.6925,92.19,6.53
443,Texarkana,US,1626042485,60,40,33.4251,-94.0477,89.82,4.0
444,Lavrentiya,RU,1626042485,81,95,65.5833,-171.0,49.15,5.77
445,Pangai,TO,1626042486,78,20,-19.8,-174.35,80.71,10.36
446,Dalvik,IS,1626042486,83,100,65.9702,-18.5286,53.53,2.68
447,Arlit,NE,1626042486,15,0,18.7369,7.3853,93.45,5.32
448,Malpe,IN,1626042487,93,100,13.35,74.7167,74.5,5.61
449,Lubyany,RU,1626042487,77,0,56.0378,51.4,55.04,7.31
450,Husavik,IS,1626042488,85,45,66.0449,-17.3389,53.51,1.9
451,Vanderhoof,CA,1626042412,25,7,54.0166,-124.0198,78.37,6.31
452,Majene,ID,1626042488,85,100,-3.5403,118.9707,77.74,10.67
453,Chabahar,IR,1626042489,82,91,25.2919,60.643,83.3,10.47
454,Bilma,NE,1626042489,36,70,18.6853,12.9164,87.75,7.54
455,Jilin,CN,1626042490,93,55,43.0,126.0,69.64,4.12
456,Excelsior,US,1626042490,42,1,44.9033,-93.5664,88.14,4.0
457,Forsytheganj,BY,1626042491,59,45,52.6333,29.7333,71.96,4.21
458,Waiuku,NZ,1626042491,75,100,-37.25,174.75,51.69,10.27
459,Provideniya,RU,1626042492,66,0,64.3833,-173.3,51.91,8.95
460,Puebloviejo,CO,1626042492,75,89,10.9938,-74.2844,86.11,4.76
461,Tambacounda,SN,1626042492,83,40,13.7539,-13.7586,78.85,11.5
462,Chalon-sur-Saône,FR,1626042401,89,54,46.7833,4.85,65.39,4.65
463,Verkhnyaya,RU,1626042493,69,24,60.9844,40.2072,62.92,4.38
464,Terrace,CA,1626042312,46,40,54.5163,-128.6035,73.42,5.75
465,Soligalich,RU,1626042494,76,5,59.0778,42.2864,60.48,1.59
466,Tulsīpur,NP,1626042494,81,99,28.131,82.2973,75.06,3.15
467,Najrān,SA,1626042494,19,88,17.4924,44.1277,84.85,3.22
468,Flinders,AU,1626042495,94,100,-34.5833,150.8552,48.2,1.01
469,Vostok,RU,1626042495,85,99,46.4856,135.8833,68.23,1.16
470,Brae,GB,1626042496,89,95,60.3964,-1.353,57.11,1.45
471,Springbok,ZA,1626042496,42,75,-29.6643,17.8865,47.73,4.21
472,Roald,NO,1626042497,77,90,62.5833,6.1333,63.34,5.75
473,Charter Township of Clinton,US,1626042470,91,90,42.587,-82.9199,68.77,1.01
474,Yerbogachën,RU,1626042497,73,39,61.2767,108.0108,59.02,1.59
475,Tadine,NC,1626042498,65,100,-21.55,167.8833,71.44,12.24
476,Caceres,ES,1626042296,40,1,39.522,-6.3748,71.8,13.04
477,Tsimmerbude,RU,1626042444,93,1,54.675,20.1347,66.25,7.02
478,Canavieiras,BR,1626042498,85,37,-15.675,-38.9472,70.92,6.08
479,Tsabong,BW,1626042499,25,0,-26.0217,22.401,56.34,13.09
480,Kalmar,SE,1626042499,94,32,56.6616,16.3616,65.97,0.0
481,Khani,GE,1626042500,96,100,41.9563,42.9566,63.97,2.04
482,Bundaberg,AU,1626042500,73,59,-24.85,152.35,63.21,8.01
483,Gobabis,NA,1626042501,33,0,-22.45,18.9667,51.3,13.53
484,Yeppoon,AU,1626042501,85,65,-23.1333,150.7333,55.18,8.01
485,Belmonte,BR,1626042502,82,14,-15.8631,-38.8828,73.9,8.32
486,Naze,JP,1626042502,85,100,28.3667,129.4833,79.72,6.76
487,Trincomalee,LK,1626042503,78,100,8.5711,81.2335,80.65,20.92
488,Sikonge,TZ,1626042503,45,6,-5.6333,32.7667,61.83,4.14
489,Sisimiut,GL,1626042503,59,79,66.9395,-53.6735,48.36,9.64
490,Birjand,IR,1626042504,22,0,32.8663,59.2211,75.67,4.61
491,Coyah,GN,1626042504,90,100,9.75,-13.4167,79.75,2.19
492,Rāzole,IN,1626042505,90,99,16.4833,81.8333,77.77,4.5
493,Lima,PE,1626042264,77,90,-12.0432,-77.0282,62.85,6.91
494,Sarishābāri,BD,1626042505,76,96,24.7333,89.8333,84.52,4.79
495,Mackay,AU,1626042496,88,75,-21.15,149.2,62.69,5.75
496,Rome,US,1626042238,89,75,43.2128,-75.4557,69.94,6.91
497,Chu,KZ,1626042506,48,2,43.5983,73.7614,69.91,9.44
498,Oranjemund,NA,1626042506,79,26,-28.55,16.4333,52.47,2.46
499,Lusambo,CD,1626042507,32,76,-4.9667,23.45,67.5,2.28
500,Ostroh,UA,1626042507,63,46,50.3294,26.5143,68.68,2.01
501,Pocao,BR,1626042508,82,94,-3.3734,-60.4078,79.36,0.94
502,Kaliua,TZ,1626042509,42,20,-5.0606,31.7936,64.99,5.5
503,Tawang Town,IN,1626042509,96,96,27.5833,91.8667,56.28,0.51
504,Khorramshahr,IR,1626042509,15,0,30.4397,48.1664,98.56,6.91
505,Zhangaözen,KZ,1626042510,28,0,43.3,52.8,80.35,9.71
506,Anloga,GH,1626042511,80,4,5.7947,0.8973,77.9,11.32
507,Omsukchan,RU,1626042511,75,89,62.5333,155.8,56.26,11.01
508,Vanavara,RU,1626042511,73,47,60.34,102.2797,58.42,3.4
509,Comodoro,BR,1626042512,41,19,-13.6631,-59.7858,72.88,4.38
510,Dovers,VC,1626042512,84,100,12.8833,-61.1833,80.19,22.7
511,Chiredzi,ZW,1626042513,61,0,-21.05,31.6667,59.49,3.8
512,Otane,NZ,1626042513,71,100,-39.8833,176.6333,45.01,0.85
513,Srednekolymsk,RU,1626042514,35,1,67.45,153.6833,78.62,22.01
514,Oytal,KZ,1626042514,43,6,42.9057,73.2697,69.57,5.19
515,Zhigansk,RU,1626042501,91,100,66.7697,123.3711,44.62,14.52
516,Armizonskoye,RU,1626042514,98,100,55.9461,67.6736,51.55,14.61
517,Tabou,CI,1626042515,80,37,4.423,-7.3528,76.5,8.14
518,Aginskoye,RU,1626042515,78,86,51.1,114.53,59.72,2.62
519,Jiexiu,CN,1626042516,90,96,37.0244,111.9125,70.03,2.93
520,Hyères,FR,1626042516,66,0,43.1167,6.1167,72.25,2.3
521,Formoso,BR,1626042517,32,27,-14.9467,-46.2319,67.84,4.56
522,Batticaloa,LK,1626042517,69,94,7.7102,81.6924,80.15,7.09
523,Ambon City,ID,1626042518,94,40,-3.6954,128.1814,77.14,5.75
524,Namatanai,PG,1626042518,76,78,-3.6667,152.4333,81.3,7.74
525,Deputatsky,RU,1626042518,85,100,69.3,139.9,38.05,7.2
526,Lappeenranta,FI,1626042519,77,0,61.0587,28.1887,66.78,4.61
527,Tal'menka,RU,1626042519,86,90,53.8183,83.5677,63.84,4.92
528,Ixtapa,MX,1626042520,66,40,20.7,-105.2,89.22,13.8
529,Mana,GF,1626042486,84,30,5.6592,-53.7767,79.34,8.61
530,Bhilwara,IN,1626042520,63,69,25.35,74.6333,86.9,1.59
531,Paphos,CY,1626042436,83,20,34.7667,32.4167,78.71,3.44
532,Ponta,PT,1626042320,72,100,38.7333,-28.2667,62.28,15.19
533,Lødingen,NO,1626042289,87,100,68.414,15.9951,61.34,4.0
534,Province of Brindisi,IT,1626042521,55,0,40.5833,17.6667,80.78,2.44
535,Muravlenko,RU,1626042522,62,90,63.7898,74.523,52.99,9.24
536,Half,LR,1626042523,85,94,6.3807,-10.6953,76.89,5.86
537,Talnakh,RU,1626042523,92,100,69.4865,88.3972,45.27,10.67
538,Itarema,BR,1626042523,77,63,-2.9248,-39.9167,79.48,16.04
539,Houma,US,1626042524,77,40,29.5958,-90.7195,89.01,8.05
540,Turukhansk,RU,1626042524,69,38,65.8167,87.9833,41.92,3.67
541,Fort,NL,1626042525,89,58,52.6517,6.3861,66.94,5.41
542,Dukat,RU,1626042525,66,44,62.55,155.55,58.55,10.42
543,Biltine,TD,1626042525,22,94,14.5333,20.9167,92.88,5.39
544,Santa,PH,1626042526,86,99,17.486,120.4348,78.84,3.87
545,Rēzekne,LV,1626042526,81,16,56.5,27.3167,67.53,6.44
546,Grand,US,1626042527,7,0,38.8755,-109.5012,102.6,1.45
547,Gravelbourg,CA,1626042527,19,1,49.8834,-106.5512,93.47,10.36
548,Izhmorskiy,RU,1626042527,81,94,56.194,86.6414,55.22,1.63
549,Kérouané,GN,1626042528,95,92,9.2667,-9.0167,71.06,2.66
550,Dombarovskiy,RU,1626042528,89,6,50.7587,59.5386,60.69,9.08
551,Riyadh,SA,1626042271,13,1,24.6877,46.7219,95.14,5.79
552,Labuan,MY,1626042529,100,40,5.2767,115.2417,77.16,0.0
553,Mahajanga,MG,1626042529,56,20,-15.7167,46.3167,73.42,6.91
554,Luanda,AO,1626042449,94,75,-8.8368,13.2343,71.6,3.44
555,Emerald,AU,1626042530,48,40,-23.5333,148.1667,58.98,5.75
556,Tétouan,MA,1626042530,88,75,35.5711,-5.3724,81.39,4.61
557,Cartagena,CO,1626042461,79,40,10.3997,-75.5144,85.62,9.22
